Primer pair #,Forward primer Sequence (5'->3'),Forward primer Template strand,Forward primer Length,Forward primer Start,Forward primer Stop,Forward primer Tm,Forward primer GC%,Forward primer Self complementarity,Forward primer Self 3' complementarity,Reverse primer Sequence (5'->3'),Reverse primer Template strand,Reverse primer Length,Reverse primer Start,Reverse primer Stop,Reverse primer Tm,Reverse primer GC%,Reverse primer Self complementarity,Reverse primer Self 3' complementarity,Product length,gene,job_id,NOTE,side_product_length_range
1,TGGGGACTTCTCCCTCTCTG,Plus,20,603,622,59.96,60,4,1,GACGTATGTCGGCTGCTGTG,Minus,20,810,791,61.41,60,6,0,208,GRB2,Ymi_arAVvb2ag7iGteactM_9jYbi7pab4w,
2,AGTGTGTGCATGTCACCGAG,Plus,20,1705,1724,60.6,55,6,2,CAGCAGGTAGAGCATCTGGG,Minus,20,1913,1894,59.89,60,4,0,209,PIK3CD,xswZXr2jsAuXNaowp1COAt1LnzDwWIQt8Q,
4,TGGTGAGGAGCAGGCAAATG,Plus,20,303,322,60.61,55,2,2,TGGCACGCCAAACAAATCTC,Minus,20,586,567,59.69,50,6,0,284,MDM2,3NYB1T23MB8XJaAgrUCEEtdblSD6SI49-w,
2,TCTCTTCTTTGGTGCTTCCCC,Plus,21,147,167,59.93,52.38,2,1,GTTGTGCCGGATGGAGTTCTTC,Minus,22,931,910,61.76,54.55,4,3,785,FOXO3,lJ5JnXW3eB9fJegg5UDMEp9b3SCySMY9sw,
2,CTCAGGAGTGCGGGTCTTC,Plus,19,1949,1967,59.78,63.16,4,1,AAGAGTGCAGGTGTGTCTCG,Minus,20,2131,2112,59.97,55,4,2,183,GSK3B,UVuMWYMVjr2pg4uGhuavtPz9vobR7qWb0A,
1,AACCTGTAGCACACGTCCTG,Plus,20,169,188,59.97,55,6,3,CCTGTCCAAGAGGTGCTTGT,Minus,20,442,423,59.89,55,4,2,274,TSC1,wsgfyyO3Lh8JJb4gs0CaEslbiyDkSJA95Q,
7,CTGCGGTCCAATGTCCTCTT,Plus,20,2856,2875,60.04,55,3,0,GACGTCTGTATCCTGCTGCG,Minus,20,3091,3072,60.87,60,6,2,236,TSC2,lpxLnkQVSb1ug0yGQeZotDv9eYYW7mKbFw,
1,CCTGCCTTCAGGGAAACCTC,Plus,20,2447,2466,60.32,60,4,0,GTCAAACTCCCTCCCTCTGTG,Minus,21,2909,2889,60,57.14,2,1,463,RPTOR,VF6JXIYVi72sg46Gg-aqtPn9u4bU7qCb1Q,
2,CTGTCCTCACCATGCCTAGC,Plus,20,187,206,60.18,60,4,2,ATCCAGGTAAGCCGTGTCTTC,Minus,21,419,399,59.79,52.38,4,2,233,DDIT4,hY9YjGS3aR9OJfkg9EDdEo5bzCCjSNc9og,
3,CCTGTGAACGGTGGGGC,Plus,17,152,168,60.34,70.59,3,2,CCCATCAATGACCACCTGCT,Minus,20,358,339,60.03,55,5,2,207,HRAS,VlyLXoQVib2ug4yGgeaotPv9uYbW7qKb1w,"Alle primers voor dit gen hadden interacties met andere genen, toch 1 er uit gekozen, maar denk deze niet gebruikt moet worden."
1,TGTAGCCCGCGAGAGAAAAT,Plus,20,8,27,59.46,50,4,2,TGCCACTCTGAAAAGGCACT,Minus,20,872,853,59.82,50,4,2,865,MAP3K1,joRTh2-3Yh9FJfIg_0DWEoVbxyCoSNw9qQ,
8,GCTCAATGTAGTCCCAGCCTT,Plus,21,2992,3012,60.07,52.38,3,1,AGACGTCAGCAAGATTGTGGG,Minus,21,3220,3200,60.61,52.38,6,0,229,TYK2,s7luulK3Xx94Jc8gwkDrErhb-iCVSOE9lA,
7,TCATTACCTCTGCACCGACG,Plus,20,1554,1573,59.83,55,4,3,CCCTGCACCTGCTCAGACT,Minus,19,1763,1745,61.59,63.16,4,3,210,JAK1,xswbzye3Kh8NJbogt0CeEs1bjyDgSJQ94Q,"Heeft ook interactie met CCDC88A, de rest van de primers hadden dit met nog meer genen."
8,CTGGTCGCCCGATCTGTGTA,Plus,20,336,355,61.66,60,4,2,TCAGAACATTTGCCGTCGC,Minus,19,455,437,59.13,52.63,3,2,120,JAK2,QUucSZMVnr25g5uGlua_tOz9robB7rWbwA,
5,AGCTGGGCGAATTAAAGCACA,Plus,21,99,119,60.89,47.62,4,0,CCTCAAACCGCTGGCTAGAA,Minus,20,560,541,60.04,55,4,2,462,PIAS3,uLJlsVm3VB9zJcQgyUDgErNb8SCeSOo9nw,
4,ACAGAGCACTGGGGATACCA,Plus,20,2878,2897,60.25,55,6,2,CTCTGGTGCTGATGGAACTGT,Minus,21,3421,3401,60,52.38,3,3,544,ROS1,mZNEkUsVRr1hg0OGTuZntDT9doYZ7m2bGA ,
1,AAAAATACAACATCACAGAGGAAGT,Plus,25,587,611,57.18,32,3,1,GTTCCACAAAGGCATCCCAG,Minus,20,1483,1464,59.11,55,4,1,897,BCL2,p614P9yj0Qv2NcswxlDvArxL_jCRWOUtkA,Overlap met ACBD6 en AZGP1.
